{
  "checkpoint": "weights/LVR-7B",
  "n_examples": 300,
  "corruption": "mean",
  "clean_answer_nll_mean": 0.16634652278845655,
  "mediation": {
    "latent_effect": 0.021195734836571015,
    "image_effect": 0.31529293369507894,
    "proportion_mediated": 0.4786405682329302,
    "n_defined": 287,
    "n_total": 300
  },
  "latent_diversity": {
    "effective_rank": 1191.637451171875,
    "participation_ratio": 5.830737590789795,
    "avg_pairwise_cosine_distance": 0.4202226400375366,
    "n_latents": 20260,
    "hidden_dim": 3584
  },
  "target_diversity_ref": {
    "effective_rank": 1498.75830078125,
    "participation_ratio": 46.12738800048828,
    "avg_pairwise_cosine_distance": 0.7959223389625549
  },
  "linear_probe": {
    "r2_latent_to_roi": 0.515061616897583
  }
}